{
  "mainAssemblyName": "WebCommander",
  "resources": {
    "hash": "sha256-39UqPneaAy+D+CA8HUM6gi2N01BAiCJrD3GM35alJ8U=",
    "jsModuleNative": {
      "dotnet.native.js": "sha256-vtotCeXt2UD6oc459laJT32vBgigZ+eLoUmdeFkvYDk="
    },
    "jsModuleRuntime": {
      "dotnet.runtime.js": "sha256-6bV/iAemowb59rmItegP8VsxwWpWUNyMb0Q76Fvvsjo="
    },
    "wasmNative": {
      "dotnet.native.wasm": "sha256-I9mo79uNpf37/J/jYCGkW9F0w+mgb+ezeNdHNbQNvf0="
    },
    "icu": {
      "icudt_CJK.dat": "sha256-SZLtQnRc0JkwqHab0VUVP7T3uBPSeYzxzDnpxPpUnHk=",
      "icudt_EFIGS.dat": "sha256-8fItetYY8kQ0ww6oxwTLiT3oXlBwHKumbeP2pRF4yTc=",
      "icudt_no_CJK.dat": "sha256-L7sV7NEYP37/Qr2FPCePo5cJqRgTXRwGHuwF5Q+0Nfs="
    },
    "coreAssembly": {},
    "assembly": {
      "Microsoft.AspNetCore.Authorization.wasm": "sha256-a3TAIY/5lCJNfNr3HdaMXQ+pT7yTFPbDmuOnfh2Cdps=",
      "Microsoft.AspNetCore.Components.wasm": "sha256-/lTMXvVAAKAFUdtyEtGDtqwRJcVd2m3HCe4p0K5Bzf8=",
      "Microsoft.AspNetCore.Components.Forms.wasm": "sha256-qXTiQR2ldnY3SA5wBUTo1cO6EG38EQ5yBkhdxSeT8J8=",
      "Microsoft.AspNetCore.Components.Web.wasm": "sha256-WoHuxqOA/YjR3LnNX4t+GU6Gkb5+qVm204ailFTYJXA=",
      "Microsoft.AspNetCore.Components.WebAssembly.wasm": "sha256-MfJvwVqFhOyDaEGOyNxWfiAfa/ewRnueSODBzu8KuXA=",
      "Microsoft.AspNetCore.Metadata.wasm": "sha256-3e9+2uaUOX8aP4lH+A7psUMN9QtWBKvp+xnO+oJKFtc=",
      "Microsoft.Extensions.Configuration.wasm": "sha256-u0dVb23ld0+DBjTrR70F958O75BnQbjCkosBfy0dmiA=",
      "Microsoft.Extensions.Configuration.Abstractions.wasm": "sha256-ei4jioZjitGzI/+j5M90smJmMZ7CacJz50glpKjVVqY=",
      "Microsoft.Extensions.Configuration.Binder.wasm": "sha256-EFHMFBR/jGXOeTW502etqxW//QbqvcACPvHafBT3PMM=",
      "Microsoft.Extensions.Configuration.FileExtensions.wasm": "sha256-w4E5uayo1SFMsRc1dLJu4EYYaRQpyP7cvyeJNAqH5+4=",
      "Microsoft.Extensions.Configuration.Json.wasm": "sha256-ViitoeUHw71Xhs0JJ88lGca05eRKDi+p+NyaYc6cRIQ=",
      "Microsoft.Extensions.DependencyInjection.wasm": "sha256-zeVbxHhowsAdtfcUe0aUH+fDipEsA9KL6XBIyt3nNRg=",
      "Microsoft.Extensions.DependencyInjection.Abstractions.wasm": "sha256-k3M0gYqHMMofu9v/CbvQGj5o1Ldg9Tpa2L1DJW+SYOI=",
      "Microsoft.Extensions.Diagnostics.wasm": "sha256-PTv5xcSX+JH+qRng7xy7VqZ3NgYbFdx8tv4XUhfF9zk=",
      "Microsoft.Extensions.Diagnostics.Abstractions.wasm": "sha256-mjALixJgcDuHfuvVxYKMupPJQ1m7zcZuyjcXib9yJIY=",
      "Microsoft.Extensions.FileProviders.Abstractions.wasm": "sha256-IUopixuV8E09mP+TIgRp/lXEbeacXbUTW7cu0v5B9Tc=",
      "Microsoft.Extensions.FileProviders.Physical.wasm": "sha256-MS+zB0xkKhKk/QdE32ZwKtdlrLMLI/y2NAKPUWhcBVg=",
      "Microsoft.Extensions.FileSystemGlobbing.wasm": "sha256-AnWUKd0qJ8ZNKkRC0AFK2cjjszB7reXiP+bXdIi8bic=",
      "Microsoft.Extensions.Http.wasm": "sha256-PdwlPbYR65ikRrmbRr/ISreZBVzoGCu3TQ6vX1ytI8g=",
      "Microsoft.Extensions.Logging.wasm": "sha256-89YTKleAhD9zNI9Y1drXI3rPMNJJun81w4VJhIUbnb8=",
      "Microsoft.Extensions.Logging.Abstractions.wasm": "sha256-iJeMymsVin65eb76rHAp5eb+ALOgPKHLsNgW6vNUajU=",
      "Microsoft.Extensions.Options.wasm": "sha256-hVpOTrRPggy/j2nnb+MkQGTVvBHNb6WD2hctYArAyHA=",
      "Microsoft.Extensions.Options.ConfigurationExtensions.wasm": "sha256-ValGzoX7Qgl5JMYnGzmdgSaO3kCqa/ZnL5PhH/MG3R4=",
      "Microsoft.Extensions.Primitives.wasm": "sha256-XrM3JTF9aYPk21o3GvE2waxnJB+p27g1e+SodLKSDmQ=",
      "Microsoft.IdentityModel.Abstractions.wasm": "sha256-0K3wd1Cpfj3JwnvLF0zSugGdNjSqpoB3Yr4C7QZrFpk=",
      "Microsoft.IdentityModel.JsonWebTokens.wasm": "sha256-opugLw4gqMY2D/LXtNj6wkD25REaOC7pukeAaUB64z0=",
      "Microsoft.IdentityModel.Logging.wasm": "sha256-Mpe/tGCWISOcsHffcUyCZ3zNQT/+pcsO/Ny+o3sAnuM=",
      "Microsoft.IdentityModel.Tokens.wasm": "sha256-CkFDsM9K3ooBuECDKITqDzHgRvfpsD5ehNy6uD+Bxnw=",
      "Microsoft.JSInterop.wasm": "sha256-cfPGjpEkdK37Tb2wyidoKNUsN3Og6k2NPfBW2z4kbB0=",
      "Microsoft.JSInterop.WebAssembly.wasm": "sha256-8ZmspJkZmC3f4GMqPqk6W5CyBwEQmFOQfvB6+C/wXTI=",
      "System.CommandLine.wasm": "sha256-Cl4q+fufCTZPDEG2Bq9dIi/4JzwJ+ohDCvmh+z4AfEw=",
      "System.Diagnostics.DiagnosticSource.wasm": "sha256-WXkkJaKKiWtFFY7f9FNARK9VG1pn/k8/2D80J4JWZcY=",
      "System.IdentityModel.Tokens.Jwt.wasm": "sha256-8TeBE4L73467a+kpAbb1Lo/yuOG2jLb1TfsmUDU5RPs=",
      "System.IO.Pipelines.wasm": "sha256-JqVBy6SV+3qk+IK3VJiyIDt9CsVk6b1/ytTXmrI4mTM=",
      "Microsoft.CSharp.wasm": "sha256-A3Ykp9Jzo0GKMT4KRjilomzHo9UGDg07IOSSJLCIKZs=",
      "Microsoft.VisualBasic.Core.wasm": "sha256-eqt1JZUkvKHMWL900y1m3xMzrXHPxqtqT/KCDH24Vvw=",
      "Microsoft.VisualBasic.wasm": "sha256-mnRcz8XwMTCPbRCHbMV19nSmyIcts0qooky43ovgcxI=",
      "Microsoft.Win32.Primitives.wasm": "sha256-61ebounYiG+Pi+MLFmHN4ny7k2NUV2S3rdoMrMeAFrI=",
      "Microsoft.Win32.Registry.wasm": "sha256-WikETbTUvFxCn+89X/DiN0eLOLknyDNc2s8+QTaBTh8=",
      "System.AppContext.wasm": "sha256-SV93JD2EsL/jqMCHy9tmZqyxxvCRkHug8CcFrRGTp08=",
      "System.Buffers.wasm": "sha256-pOzy5RfoeZWgMnq0Vlg/NsrHZoOPQoSnjl1BKe8gBzM=",
      "System.Collections.Concurrent.wasm": "sha256-bHkAj7tdd6tiTapH4QknYJO0H+niLEzOZ5Q1xQRyyII=",
      "System.Collections.Immutable.wasm": "sha256-KLsjkRtfdKCLVF3qFyJekJ0/0+AKvH9QBvDZESfWRzc=",
      "System.Collections.NonGeneric.wasm": "sha256-Ak/QM4TI6zqPMl66VmFYBYtxImh9jRa/Mp8NkoObrfU=",
      "System.Collections.Specialized.wasm": "sha256-FWaxxn5yoA6zeqZKXeFxGuH3mO7eWw+YMdDTxI36Ljk=",
      "System.Collections.wasm": "sha256-532w+mak18tJMnRjUv5l2P+MEQQS11pmvqDqDDoCFf4=",
      "System.ComponentModel.Annotations.wasm": "sha256-PV9aNbbWb3TMo04+ZnsC+CC4yPF+8heFXgJqLbJ0H7M=",
      "System.ComponentModel.DataAnnotations.wasm": "sha256-UEVV/H5d4DVGzhwH2MBLAuGH9Y0fFYQb2YpqM/GuwBs=",
      "System.ComponentModel.EventBasedAsync.wasm": "sha256-Wz/kGT7D13TNszU3wntxzANIMyMVwUpL19iar2g5LdQ=",
      "System.ComponentModel.Primitives.wasm": "sha256-dmliDB9nYTMfdnYi1U4ihJ1bG3hffj8LT7mQwFYH5M0=",
      "System.ComponentModel.TypeConverter.wasm": "sha256-ZBmBoKB/mzfnL5lpdICr6LTRCA1v674hQIyO0z/5koY=",
      "System.ComponentModel.wasm": "sha256-0viaLkHk/X221fgCgpaEVs/rgcV9daS8a9mykWwY+eM=",
      "System.Configuration.wasm": "sha256-9uU4zpUU23Swih/7NOln+ZB8umoMocvUX7JFyqTkGjc=",
      "System.Console.wasm": "sha256-3z8gbfCUCGtYwjJgpwtLcSgFfZzdUxghjUATZ6onvDQ=",
      "System.Core.wasm": "sha256-H12KboWongY1Dr1hFt7IvuEXrBnlBfF1eTvbQJk6lWU=",
      "System.Data.Common.wasm": "sha256-xNobkJ5GxASMFkuk+4etvtyeqBz+uHtXBP3kUhEtKyI=",
      "System.Data.DataSetExtensions.wasm": "sha256-5HDs2wt6HmRumocUZdFcU7Pmnzz0LYKE2eUpFucOjSM=",
      "System.Data.wasm": "sha256-v3cUYAUCE3r/njlTnN1dI3hFlWogkYnGDzJDkx7yCmc=",
      "System.Diagnostics.Contracts.wasm": "sha256-XftAErtu7Eh+CHl0jbMhYVShrfMFHZIx9oAyiY5ylWY=",
      "System.Diagnostics.Debug.wasm": "sha256-IxJt1WZfZcTQDRQ0QEeVlNuTHrLkUOXE+h5ExdrBH0g=",
      "System.Diagnostics.FileVersionInfo.wasm": "sha256-IKUlewldAxPPWrcMBEJlacX/EGjAwXfA3MNerDt/lu4=",
      "System.Diagnostics.Process.wasm": "sha256-LlhTu3lGaIiexPVU2mp7apE1Lix4WNc/VnFiGgCGbnY=",
      "System.Diagnostics.StackTrace.wasm": "sha256-BebJTglRVLq/s02Lw9LasSe4qCoiBIMkWNDKIYxEJtU=",
      "System.Diagnostics.TextWriterTraceListener.wasm": "sha256-B/RN5oS0dSc//3spwSQC9gbFO97ll0tSuan2RbNRtQs=",
      "System.Diagnostics.Tools.wasm": "sha256-RCIBGbBIuSytcgVn/aacvppspvSrF5brnT7azPdo9kw=",
      "System.Diagnostics.TraceSource.wasm": "sha256-NQzd3h45dm40RXOjnIWzQkyci4I3UtBsQ0U1cG5e5e8=",
      "System.Diagnostics.Tracing.wasm": "sha256-pRnvd2nGqaarRwkUdJ8SnBR+hhF1npz9k59P649ztpg=",
      "System.Drawing.Primitives.wasm": "sha256-H96CThkRdfc+cKi4d79hXaaPig1qNqtKVpvqynCsZtc=",
      "System.Drawing.wasm": "sha256-etYztUjlToQ2rZtiW673JjzSkn3DR5xV8PQ1Mqi4Z3k=",
      "System.Dynamic.Runtime.wasm": "sha256-msKGjZh2x9VdTR/CLsEC+p3Ex3M4T8RuUuOwFuG1DXc=",
      "System.Formats.Asn1.wasm": "sha256-UeplfbmxI2HSJrggoD3OmVSe7t4E5VtCpxI1zbQXtoU=",
      "System.Formats.Tar.wasm": "sha256-R/JVHacbR5379SlDk6jCnftuXLR1yp9aSkXrm9aHwdA=",
      "System.Globalization.Calendars.wasm": "sha256-ikGltAS/8oQxTmLgm053WzoppERrh5YOHxVflPU2a/I=",
      "System.Globalization.Extensions.wasm": "sha256-1OhGDNNYf7S3nsat1wDp7k1OJyC5fxzFJcvQccxl8dI=",
      "System.Globalization.wasm": "sha256-KgSPuv6gnxtU/Dpvk99TJC2L/Pnr8khvPeIWLvXmoyg=",
      "System.IO.Compression.Brotli.wasm": "sha256-kqDnwxzl0O7PeNUzJ4VNQb0oRwRhSiqFjJkfOPrT43I=",
      "System.IO.Compression.FileSystem.wasm": "sha256-6WcLdDr8XPjkskYlg/8aEi/qbIAJ68OdddhQVZ7OcEc=",
      "System.IO.Compression.ZipFile.wasm": "sha256-ZrOC+/N9UNl97C7b9IoiUNMo89KJ4oxe4kKczasz+LU=",
      "System.IO.Compression.wasm": "sha256-U/uqY1lw45k01Is9iT1Pw4RbX7MwuoOx7c5hlPa7Z7s=",
      "System.IO.FileSystem.AccessControl.wasm": "sha256-lk+xkgVakLhqqEZuG1rxqt3+87aXJ6T2AtCZ5/JgknE=",
      "System.IO.FileSystem.DriveInfo.wasm": "sha256-v3jPTTsSOId9nsszARyVUAJzLD2LjszvfAE/Kv0hH8Q=",
      "System.IO.FileSystem.Primitives.wasm": "sha256-uvNidZxKpgUmsSR7/XyNWxdinc6SY9dV+a4nKHq175U=",
      "System.IO.FileSystem.Watcher.wasm": "sha256-fdStAN7gT3gkVCNkLMXFj/zoeaWwLuQLsJdPjjOi7Ww=",
      "System.IO.FileSystem.wasm": "sha256-gKWL7uJkUi2FyMa1RcAiQQJhmY0IRvQJH67Uu2xXRtg=",
      "System.IO.IsolatedStorage.wasm": "sha256-CB50VJEZrbpBqs37wUaXHEPb3pk62n1E7u5EQPVl5tU=",
      "System.IO.MemoryMappedFiles.wasm": "sha256-h93O94kYXZ8JGsDQb2MuQ33bxXqj7C6sMVyTF0FHRO4=",
      "System.IO.Pipes.AccessControl.wasm": "sha256-WXfX25NkCTZr8fXBt1bGokni55iU/1nZqOg4iMLoViM=",
      "System.IO.Pipes.wasm": "sha256-kjupINXi9PtPVjBO3ywpiDsCXcvedXWpGo+Q550MNsM=",
      "System.IO.UnmanagedMemoryStream.wasm": "sha256-DRIlws86qLu0O3lehpSsCIfpS5otFg9c+hZ1+PjNJkE=",
      "System.IO.wasm": "sha256-GKxuN2zOu+s2ZDyMG8rwgmse2th1AUlz8ji+kn8eDsY=",
      "System.Linq.Expressions.wasm": "sha256-0bkLGIsgdVoeO2YGnPlOqy7wBt05sgfcuNouaqOSps8=",
      "System.Linq.Parallel.wasm": "sha256-NKXmBYhxZNTCFbqGvz8Gx1f9OHXy7IKAUl8cI9xNu1U=",
      "System.Linq.Queryable.wasm": "sha256-stPGtpFmgq5a0lA/og/B9mY1TUkDwMhZeyN7ZcrKddE=",
      "System.Linq.wasm": "sha256-IiuIV6L8xTlZ2wUyWb49Gl1w3s6amNjWoIWwyPfm39s=",
      "System.Memory.wasm": "sha256-XXiqBIU+UGtRhQ16CPnzN8lPf8WpA/0Srckhy8CbFLo=",
      "System.Net.Http.Json.wasm": "sha256-H6jDiXC/ag9kEMh/fD1seWxP0hk7wJ9eoFx2ULI8+LI=",
      "System.Net.Http.wasm": "sha256-8lEs9hjJirZuVJ+cqDatp9TRIty/u5QBlruqw00C28c=",
      "System.Net.HttpListener.wasm": "sha256-LzkQZ2HYOps4Qrj7IMmGsUcQodgh1am4gJK42/eKoPU=",
      "System.Net.Mail.wasm": "sha256-gyOQXDaXg19rFHDxwlScUsDw2jSE5tqpJCywB6Y9F4s=",
      "System.Net.NameResolution.wasm": "sha256-GxGOE/1TYZ48BSDyeHXcR4Vz2u9JEHPe+qedCeLK92c=",
      "System.Net.NetworkInformation.wasm": "sha256-+PuKk6NXAj9KfqVpFb4l781SNRIJVWiiFCl+2fd1sQ0=",
      "System.Net.Ping.wasm": "sha256-C5UtbN90PX4k0J+fWlqKmDQGsbR6/6Xotyk/PxXjUzI=",
      "System.Net.Primitives.wasm": "sha256-A8Tte6kL/p2RV0+b5zsRWmzC8hoQnCwneAqcLfTxfJo=",
      "System.Net.Quic.wasm": "sha256-Wce+HUjnQDjdgdDu8TlifGmeGH80bE6/V+herhaU4Xs=",
      "System.Net.Requests.wasm": "sha256-pkti0SGq2A+/ZSFGEsNCR6tTLWGd3FQ7+04Wsobg50A=",
      "System.Net.Security.wasm": "sha256-3p2I2qahEXF2mgzy7qlP3K0SJOTeVc7Sb/12TLLM/+Q=",
      "System.Net.ServicePoint.wasm": "sha256-T5zuMwu+IGR5qSxDADxE/9tX422XwtnPfxqsPZ67QGE=",
      "System.Net.Sockets.wasm": "sha256-mFHNvBEThq5Nw36pKyw8xHVa6VUXF++EGQfgt8FBfOw=",
      "System.Net.WebClient.wasm": "sha256-RKWJ2VuRmp8QWeSbgjto7Uaxg3ND0jDarI8aCqqDBaM=",
      "System.Net.WebHeaderCollection.wasm": "sha256-Jxo46Wx7qpBkaWi91cmruDhMMxwDKBMgQDvjW1jc4KA=",
      "System.Net.WebProxy.wasm": "sha256-PSCKK16d5yK10CQy4ePOtYprwFuMt/0xmL5eh6yhzwo=",
      "System.Net.WebSockets.Client.wasm": "sha256-ynpc/UV96gPoJCQ0RqkW2gid5G8vMxHOsZQ0Xo/YQds=",
      "System.Net.WebSockets.wasm": "sha256-e6UOJizaNH02H2Z+OT2IpHTsx0YmFf/htVgk35EpRwY=",
      "System.Net.wasm": "sha256-Jr57H9vMwWn91OHbAuc/xeLFxSsjtGxc129Sky0ms5k=",
      "System.Numerics.Vectors.wasm": "sha256-Ij1iUHnp1xeY7/l8fjAKAod87wj0f2AqCyR6XVssVVQ=",
      "System.Numerics.wasm": "sha256-E7Jwc3UZuE+xO+eTgdENlnvM+h7k73vqLY4Kq9D9i84=",
      "System.ObjectModel.wasm": "sha256-U+D1Hg6o1LWaNetPuG8+bnzwciV9jvKek+4Kv58xrUE=",
      "System.Private.DataContractSerialization.wasm": "sha256-g/7Kc/nUosgP8K0Yet18GsmbKiGQOF0sarwjQbTjRyQ=",
      "System.Private.Uri.wasm": "sha256-NuTrqcJW4EI3HTSW49LqYXtiQzh9PY1S1UCK9VoqLS8=",
      "System.Private.Xml.Linq.wasm": "sha256-Rz9RwuUenmuIpBXB5XrzChl+1sr+ECZVCl/mT0+E9OY=",
      "System.Private.Xml.wasm": "sha256-XJbh7r39E6OrwXwJGYNy+kg2eyGFuB9f/m7AFuwlXqM=",
      "System.Reflection.DispatchProxy.wasm": "sha256-75x2RUPQ19TKHKHyl7H11D3aFLtoiwkivubND/NPU64=",
      "System.Reflection.Emit.ILGeneration.wasm": "sha256-yPFADIdFDkrrVVppUMwr8roG37BFRJgoNW92DKZjUj0=",
      "System.Reflection.Emit.Lightweight.wasm": "sha256-NEYiAo+LArHlA+7iLo0fiHCooxsERZyfwBMYuzEvqUc=",
      "System.Reflection.Emit.wasm": "sha256-Nn+VJVm+gpiORKdNM0YI8IrSfcEAnlUsaLDl6f97ZO0=",
      "System.Reflection.Extensions.wasm": "sha256-nbPjpp7a40Vfwc/ylu4+8ZiwIg6/E/tV6P6z4jVMlnc=",
      "System.Reflection.Metadata.wasm": "sha256-mjI/2ouO2KkzGl2BgC/6CRbOAYY3yeKutLtUnYsGEGA=",
      "System.Reflection.Primitives.wasm": "sha256-rbX4JZS5579n5k/wSw5EwFZZS+9iD/LBT6xpciRdpnQ=",
      "System.Reflection.TypeExtensions.wasm": "sha256-XpBdr6zt3obFls8DtaImoFB0u5XUwO4Dsrh65NHN808=",
      "System.Reflection.wasm": "sha256-MJxHzowqgn8tyDoVPjK9P2Fql1/OSKfmVhRWJNSrs8Q=",
      "System.Resources.Reader.wasm": "sha256-CXMYESfQ6E9XwWArEs+hzo1T8pXKTar3cSb+8/uMQc0=",
      "System.Resources.ResourceManager.wasm": "sha256-E2OqNjaKE0PbNZ21pCPDyjBq2VFTX5kM06nSmnQXKR4=",
      "System.Resources.Writer.wasm": "sha256-Kw555eDnvqR3RxYhehXrXJ+ISnq3NDGnqfignOku6Qs=",
      "System.Runtime.CompilerServices.Unsafe.wasm": "sha256-0ohJtS3YilZJnO2XaNxw28TAolH5/9GSif+MjTyr/BM=",
      "System.Runtime.CompilerServices.VisualC.wasm": "sha256-TEossQsEoqmR5dXAh/lL6wMIFooew0MB74jP6zZORPw=",
      "System.Runtime.Extensions.wasm": "sha256-ycYZ4rSp+j/pzD1cqG2pVTz8DF7byO9MRdxfX+fB0h8=",
      "System.Runtime.Handles.wasm": "sha256-q2d3EUe8t+DFwYRXNXOSH6HkZf4SnvLNszITz9Ky2hY=",
      "System.Runtime.InteropServices.JavaScript.wasm": "sha256-3Ew5Hi5AD8BGlM8TZpBrZOjIfzT9kOIj2TlhfbZA3+E=",
      "System.Runtime.InteropServices.RuntimeInformation.wasm": "sha256-nJpt4hL3FPucVMjV1AOMd7T9+OJ+e/U8QK4FCqaIG08=",
      "System.Runtime.InteropServices.wasm": "sha256-2GdmyXkM633Ke3eEAD7PRgjGI0NyVwxQMSAYK/68ITw=",
      "System.Runtime.Intrinsics.wasm": "sha256-fD5reyOCp7fd5frfurn4aN1lNQHzDW5lEQrYmcpacHo=",
      "System.Runtime.Loader.wasm": "sha256-x0448P+zFONhdeDYka9be04OaydtiNGg2+4OGaAjM4I=",
      "System.Runtime.Numerics.wasm": "sha256-lF4TkcebEFDJjSHu9hly20DJFakGyXBehXlEkMNlzgo=",
      "System.Runtime.Serialization.Formatters.wasm": "sha256-KngfCvbIT8RC34ingzHampLu056iLrRUYFbVPc96OY0=",
      "System.Runtime.Serialization.Json.wasm": "sha256-Qh39SmgavW06Ip89pobfmcBEmifOwKragPeS9zyUeQU=",
      "System.Runtime.Serialization.Primitives.wasm": "sha256-i/G5E/jcCz9vEjb1fpRm1Z7TnB9BDPxEGxAneM88cWk=",
      "System.Runtime.Serialization.Xml.wasm": "sha256-LJwV47dtlhBNc+rurz2dBA1ZtBdOAGB0M6BEycdlp94=",
      "System.Runtime.Serialization.wasm": "sha256-7r62b/BJQBzGWu5lkHwEzWQ+BVtBwnaY6notHneJQVU=",
      "System.Runtime.wasm": "sha256-T+LNH3eVZdOn7ZJjn3lmfjPOdufyQv3EY2P7KtrU+10=",
      "System.Security.AccessControl.wasm": "sha256-Iu9BoDARU3OBMlYXgpIc603aE4iTc13clzrAsRdFXmw=",
      "System.Security.Claims.wasm": "sha256-ivlLHgf1lM/wTFGDoBcIOraaf7BnnWyLp1cey/ythLo=",
      "System.Security.Cryptography.Algorithms.wasm": "sha256-xFyWhdFDYSsvJf61EqRrgWQBJF97N3yXM1KQCovPgS0=",
      "System.Security.Cryptography.Cng.wasm": "sha256-cC4OD0iGCJtuIQAzyiYI0oF4ZzauSbMbaJmWHC10940=",
      "System.Security.Cryptography.Csp.wasm": "sha256-YbdVYl+hwlJC0M03Y2dZrdtLQzwjmjX4x72TZfDyDSc=",
      "System.Security.Cryptography.Encoding.wasm": "sha256-iCwXI/7OP588P2GIcFzKo46JSYU+veEbDKqZx3Y2Gmk=",
      "System.Security.Cryptography.OpenSsl.wasm": "sha256-j8Ci7xJOzkgPm+FmOFqtM3+I3qzi0TwjDpPViqsW5pk=",
      "System.Security.Cryptography.Primitives.wasm": "sha256-wrPnqvxhjWeJshoakQj3/E7RNefW86FCpMi8Bk5UNys=",
      "System.Security.Cryptography.X509Certificates.wasm": "sha256-FijfOMEvHgi5Bu9zZe6e7Q6SaeI9v3HAoshC7e9Nps8=",
      "System.Security.Cryptography.wasm": "sha256-21hjdOrsgCyCAvVGOoPgitZBzolslLePW60qxB9tzkg=",
      "System.Security.Principal.Windows.wasm": "sha256-PY47+Rucenv0TWqQob6pfIIoLQXs+L9FRYBtqE7XeQQ=",
      "System.Security.Principal.wasm": "sha256-xk9b3irdugsmUCWhfco8Aj+WsaSLU1hwGSYvIK/Xr30=",
      "System.Security.SecureString.wasm": "sha256-8/kPfMiS6RZp7kgZUmoyrVw2l3vBa6FAD9wdpul+bNc=",
      "System.Security.wasm": "sha256-Ql3WITKkrewCmLQNK569pzepXjsPCu+2v3jHR6kEmQA=",
      "System.ServiceModel.Web.wasm": "sha256-boZMXMqHkI8w+zxE0XBLF230ww49z7tPCVMUc3IWN3s=",
      "System.ServiceProcess.wasm": "sha256-md7K7LGlq466sDys/7oM9Eb+/bo+zD/yC2wY0+NRriw=",
      "System.Text.Encoding.CodePages.wasm": "sha256-o9gLdbAEPrg8MW3DgJXdB5iHkeJUYfW08N/0gAs8VkI=",
      "System.Text.Encoding.Extensions.wasm": "sha256-H0CMx8JnC6OYGdY5inCz0+p6kR41BquEfj1nURGflX8=",
      "System.Text.Encoding.wasm": "sha256-ESxP1WKiR8kIvFk1XMWy4+/h6ajHG/4wPtQLmYDaNoA=",
      "System.Text.Encodings.Web.wasm": "sha256-Po7gs5aiqZe5Yrc2duRKkXaDTbkWxQn2w5pKo9On6T4=",
      "System.Text.Json.wasm": "sha256-L/zregTKV/f4FAql43DsV/7e9KcvNQIfpVGIMT88V5U=",
      "System.Text.RegularExpressions.wasm": "sha256-wHK9gdd5/ebClhva8p+lMgaeiG3GzbGlXsY4bPHxbMk=",
      "System.Threading.Channels.wasm": "sha256-ZcWlUtgGEaXjgy9B4IPEJNOkDJNQilpoxcYItbLJJ60=",
      "System.Threading.Overlapped.wasm": "sha256-vYXtAHkMVd7r+um0VZhw6Aww3j7VX5nwLb5zH8P669s=",
      "System.Threading.Tasks.Dataflow.wasm": "sha256-DyPcJxSrsdZamRm0/p+rHIHAjx8WQwdNJkPfaU7Ct3I=",
      "System.Threading.Tasks.Extensions.wasm": "sha256-7TRQx5RftGrvPDS8GEO3hohVN35uYSKk76g35SeqkVo=",
      "System.Threading.Tasks.Parallel.wasm": "sha256-GfJ/+0en+vrZp1Ao3xB/G6CtnoxC4Q1at395ywoMp/Q=",
      "System.Threading.Tasks.wasm": "sha256-WZNTRxL7rUXfq8k55ebvnGOKf7XzPzGhN8KWL0lprPE=",
      "System.Threading.Thread.wasm": "sha256-LFF1OGf9/1bSr4ZTniqCQyv+hrD+4VXjsSRZ5jk4Cd4=",
      "System.Threading.ThreadPool.wasm": "sha256-oNlap50XexEE6rjj4B5xfsaVB6rNBTlvI+4JW860gX0=",
      "System.Threading.Timer.wasm": "sha256-uYPeCiZhR8NzGQpTORA7tu3YwUn4XWCgk0gkUK84NWU=",
      "System.Threading.wasm": "sha256-9Pam48SKa45Gn9WI7uQmgG2k/WJii2iPu0Wl8rulJ38=",
      "System.Transactions.Local.wasm": "sha256-fGrYs4UZedNHa+qDKetmC9ZwtJY2EC/fOt6gnqvKC1E=",
      "System.Transactions.wasm": "sha256-mo6NE1U6H3kR1L72J5AWuaJFv+qjbei1OS1msQoQVw8=",
      "System.ValueTuple.wasm": "sha256-fx0ArIEaJC4T7wx+Vv3iHgd8+bSEiDOVGOgz2YT5z5Y=",
      "System.Web.HttpUtility.wasm": "sha256-WaGDNfCN/Ct/89rarW7av+6NNVw80bW9dNrbIdcgrzE=",
      "System.Web.wasm": "sha256-Z2EGHF+G3F92ZoM1Fe5isRb5IuuAOvoAwbr4jYxIZpY=",
      "System.Windows.wasm": "sha256-gbZvMOi5sSJeVITv2loSwQQ5MWmi2U4BMtmy1KpbFLc=",
      "System.Xml.Linq.wasm": "sha256-i5ZElpOB6FoNHOsAOaBJhrA5l017JbefN7gavdn8YHg=",
      "System.Xml.ReaderWriter.wasm": "sha256-hMMAu4TM5af2lKgy7akLf8aKibPv+ZloADBFsK0W9fc=",
      "System.Xml.Serialization.wasm": "sha256-nl0XQ1bqi3q6sF+C9sh/SeKdl7UqYV0sdAb+eUsu8Ms=",
      "System.Xml.XDocument.wasm": "sha256-6c9igRIoUxpUlHc5nBK2jrgn3Rawfnc/w+G0YW0+dwc=",
      "System.Xml.XPath.XDocument.wasm": "sha256-uRais39uzPp87cDygtDkzmQf0ybjdSy6tsVw9K3D9KQ=",
      "System.Xml.XPath.wasm": "sha256-VftqEmj8AGo1PCsN5rPesNCFhlrr8NPHyrpc8dTvtbM=",
      "System.Xml.XmlDocument.wasm": "sha256-3os6flVNiLEa8/V+Eks1QLaj236i5STNUBxxBwWFHjs=",
      "System.Xml.XmlSerializer.wasm": "sha256-X/qYhF/EniDtKfXvW7eGhYml+l47zTefX6nZ+u3QHwY=",
      "System.Xml.wasm": "sha256-+lH3U6VHXVDJtxO92UoUQSNSGPanrZN4vaSv1GiVH84=",
      "System.wasm": "sha256-GiBqb5svjxse4W0WCkMKV9SJow4PlCUVLgOi6M5nh/g=",
      "WindowsBase.wasm": "sha256-sfB/d3OmyulboVLPTqhNyVrtiaEQe8WQW8+JDlW1yJk=",
      "mscorlib.wasm": "sha256-K9gNrsN9UmPqLs6J/FrkiKpmkVGnHjjqUsc7YGvesCY=",
      "netstandard.wasm": "sha256-4emjlXLM9qW3t2tlII20SDylBgG4ueI0wy9nh5FMd8g=",
      "System.Private.CoreLib.wasm": "sha256-2DN4v7I/tabltDEPdIO8sDBB0tY8zOm+0CvHbMssXW4=",
      "BinarySerializer.wasm": "sha256-uLSBXHpbXjIRnuK1t4sOhKUG8X8jHL9f0YzbPGmTggA=",
      "WebCommander.wasm": "sha256-05zp6TlbFKAYWYZv08NZRUxnK+AlHQIRbONvHi4bZY8="
    },
    "satelliteResources": {
      "cs": {
        "System.CommandLine.resources.wasm": "sha256-39BNoAU2rNNaOoh002B9NLhr/iBZCbDxMI0WsCcN08M="
      },
      "de": {
        "System.CommandLine.resources.wasm": "sha256-3QeRO3/d88DV5wY78/pxbVPVoFiOGHf2tUxQvR3ZAlM="
      },
      "es": {
        "System.CommandLine.resources.wasm": "sha256-pe2nE/VY2lv8dD+lOqm/evyAaF9NdtbnkkcfHmfWvZs="
      },
      "fr": {
        "System.CommandLine.resources.wasm": "sha256-7gF65LEJ+CpTHyFGukq/K1vyxh4cpfJ3iD9+lbREufY="
      },
      "it": {
        "System.CommandLine.resources.wasm": "sha256-pWMrtum705Jq8Bemc+TTsoCKoAsvYhGPHCwCpl3/Y44="
      },
      "ja": {
        "System.CommandLine.resources.wasm": "sha256-wB1OvHoP+YUCq82CbSWO9GatHdbPMFebhBz4llQPDAc="
      },
      "ko": {
        "System.CommandLine.resources.wasm": "sha256-TDUpL+RWfBWTpE/lLwuUCQDOvUn+wT5yQUv333o09jw="
      },
      "pl": {
        "System.CommandLine.resources.wasm": "sha256-5IMeOAUSBhowY05Nqh25BoJxzUmb25TtrAiE8lgf2J8="
      },
      "pt-BR": {
        "System.CommandLine.resources.wasm": "sha256-cNhBTFB6JobxN/5UTB+nMt1eEDqVcjLDCp8N1CIkf2o="
      },
      "ru": {
        "System.CommandLine.resources.wasm": "sha256-L2qngx5YtNDGwtkokxt+uXBarys09NpZ2vHcozb4FQ8="
      },
      "tr": {
        "System.CommandLine.resources.wasm": "sha256-gSCNFXOH71aGqqACPoLC+dhwysRaMmS/usiIfOroPpA="
      },
      "zh-Hans": {
        "System.CommandLine.resources.wasm": "sha256-4zTzYnp0HcxYv+DJzMHybbeiELMFcVhHPYQE0p5dZ7s="
      },
      "zh-Hant": {
        "System.CommandLine.resources.wasm": "sha256-YkZfgxpgml6fSWV2dAK2MOYIJ1foDqxqxoLVAVisxiM="
      }
    }
  },
  "cacheBootResources": true,
  "debugLevel": 0,
  "globalizationMode": "sharded",
  "extensions": {
    "blazor": {}
  }
}