{
  "mainAssemblyName": "WebCommander",
  "resources": {
    "hash": "sha256-x/XvHfa3DvPaVTrEnwpgKEMoFAz+dkDavZBM0DSXmGY=",
    "jsModuleNative": {
      "dotnet.native.js": "sha256-NljIbpK/1KCj0+knpX8U77Rbl5kTtfFIuFjK7AuczEw="
    },
    "jsModuleRuntime": {
      "dotnet.runtime.js": "sha256-TGUqQm2/C+r+yZ5BCjd72qyLw9wv0KPFKzKXk/giiyY="
    },
    "wasmNative": {
      "dotnet.native.wasm": "sha256-2oXTIgIF6CRtacZxLfjueiJhJBKftH3jQkQwHv69Hjo="
    },
    "icu": {
      "icudt_CJK.dat": "sha256-SZLtQnRc0JkwqHab0VUVP7T3uBPSeYzxzDnpxPpUnHk=",
      "icudt_EFIGS.dat": "sha256-8fItetYY8kQ0ww6oxwTLiT3oXlBwHKumbeP2pRF4yTc=",
      "icudt_no_CJK.dat": "sha256-L7sV7NEYP37/Qr2FPCePo5cJqRgTXRwGHuwF5Q+0Nfs="
    },
    "coreAssembly": {},
    "assembly": {
      "BinarySerializer.wasm": "sha256-uLSBXHpbXjIRnuK1t4sOhKUG8X8jHL9f0YzbPGmTggA=",
      "Common.APIClient.wasm": "sha256-A6dMpj0u8vH063G3zDsBGTVQ6sVyTOuwbgrIfUR9ewY=",
      "Common.AgentCommands.wasm": "sha256-eXeRD6sLm9sgthl50bp7VjlO/wrTCG1Q3PVe9Iif94Q=",
      "Common.CommandLine.wasm": "sha256-kH/RzAz9+28G08dFF/YQXLwqpr3sTeploEOQlxBbtT4=",
      "Common.wasm": "sha256-ZX7QmR43qQ/jAY7jkAIuGw5QSbA6JPUpRIsPcA+pAJ4=",
      "Microsoft.AspNetCore.Authorization.wasm": "sha256-a3TAIY/5lCJNfNr3HdaMXQ+pT7yTFPbDmuOnfh2Cdps=",
      "Microsoft.AspNetCore.Components.Forms.wasm": "sha256-qXTiQR2ldnY3SA5wBUTo1cO6EG38EQ5yBkhdxSeT8J8=",
      "Microsoft.AspNetCore.Components.Web.wasm": "sha256-WoHuxqOA/YjR3LnNX4t+GU6Gkb5+qVm204ailFTYJXA=",
      "Microsoft.AspNetCore.Components.WebAssembly.wasm": "sha256-MfJvwVqFhOyDaEGOyNxWfiAfa/ewRnueSODBzu8KuXA=",
      "Microsoft.AspNetCore.Components.wasm": "sha256-/lTMXvVAAKAFUdtyEtGDtqwRJcVd2m3HCe4p0K5Bzf8=",
      "Microsoft.AspNetCore.Metadata.wasm": "sha256-3e9+2uaUOX8aP4lH+A7psUMN9QtWBKvp+xnO+oJKFtc=",
      "Microsoft.CSharp.wasm": "sha256-JuDO8FnDFofnolPq6E+snLF+zIXdE+zA5pQHLo6yJms=",
      "Microsoft.Extensions.Configuration.Abstractions.wasm": "sha256-ei4jioZjitGzI/+j5M90smJmMZ7CacJz50glpKjVVqY=",
      "Microsoft.Extensions.Configuration.Binder.wasm": "sha256-EFHMFBR/jGXOeTW502etqxW//QbqvcACPvHafBT3PMM=",
      "Microsoft.Extensions.Configuration.EnvironmentVariables.wasm": "sha256-LJNj+PyOIz8Bga0CtLusbt6sI4KyrqgXGG+Sl+JRe04=",
      "Microsoft.Extensions.Configuration.FileExtensions.wasm": "sha256-w4E5uayo1SFMsRc1dLJu4EYYaRQpyP7cvyeJNAqH5+4=",
      "Microsoft.Extensions.Configuration.Json.wasm": "sha256-ViitoeUHw71Xhs0JJ88lGca05eRKDi+p+NyaYc6cRIQ=",
      "Microsoft.Extensions.Configuration.wasm": "sha256-u0dVb23ld0+DBjTrR70F958O75BnQbjCkosBfy0dmiA=",
      "Microsoft.Extensions.DependencyInjection.Abstractions.wasm": "sha256-k3M0gYqHMMofu9v/CbvQGj5o1Ldg9Tpa2L1DJW+SYOI=",
      "Microsoft.Extensions.DependencyInjection.wasm": "sha256-zeVbxHhowsAdtfcUe0aUH+fDipEsA9KL6XBIyt3nNRg=",
      "Microsoft.Extensions.Diagnostics.Abstractions.wasm": "sha256-mjALixJgcDuHfuvVxYKMupPJQ1m7zcZuyjcXib9yJIY=",
      "Microsoft.Extensions.Diagnostics.wasm": "sha256-PTv5xcSX+JH+qRng7xy7VqZ3NgYbFdx8tv4XUhfF9zk=",
      "Microsoft.Extensions.FileProviders.Abstractions.wasm": "sha256-IUopixuV8E09mP+TIgRp/lXEbeacXbUTW7cu0v5B9Tc=",
      "Microsoft.Extensions.FileProviders.Physical.wasm": "sha256-MS+zB0xkKhKk/QdE32ZwKtdlrLMLI/y2NAKPUWhcBVg=",
      "Microsoft.Extensions.FileSystemGlobbing.wasm": "sha256-AnWUKd0qJ8ZNKkRC0AFK2cjjszB7reXiP+bXdIi8bic=",
      "Microsoft.Extensions.Http.wasm": "sha256-PdwlPbYR65ikRrmbRr/ISreZBVzoGCu3TQ6vX1ytI8g=",
      "Microsoft.Extensions.Logging.Abstractions.wasm": "sha256-iJeMymsVin65eb76rHAp5eb+ALOgPKHLsNgW6vNUajU=",
      "Microsoft.Extensions.Logging.wasm": "sha256-89YTKleAhD9zNI9Y1drXI3rPMNJJun81w4VJhIUbnb8=",
      "Microsoft.Extensions.Options.ConfigurationExtensions.wasm": "sha256-ValGzoX7Qgl5JMYnGzmdgSaO3kCqa/ZnL5PhH/MG3R4=",
      "Microsoft.Extensions.Options.wasm": "sha256-hVpOTrRPggy/j2nnb+MkQGTVvBHNb6WD2hctYArAyHA=",
      "Microsoft.Extensions.Primitives.wasm": "sha256-XrM3JTF9aYPk21o3GvE2waxnJB+p27g1e+SodLKSDmQ=",
      "Microsoft.IdentityModel.Abstractions.wasm": "sha256-0K3wd1Cpfj3JwnvLF0zSugGdNjSqpoB3Yr4C7QZrFpk=",
      "Microsoft.IdentityModel.JsonWebTokens.wasm": "sha256-opugLw4gqMY2D/LXtNj6wkD25REaOC7pukeAaUB64z0=",
      "Microsoft.IdentityModel.Logging.wasm": "sha256-Mpe/tGCWISOcsHffcUyCZ3zNQT/+pcsO/Ny+o3sAnuM=",
      "Microsoft.IdentityModel.Tokens.wasm": "sha256-CkFDsM9K3ooBuECDKITqDzHgRvfpsD5ehNy6uD+Bxnw=",
      "Microsoft.JSInterop.WebAssembly.wasm": "sha256-8ZmspJkZmC3f4GMqPqk6W5CyBwEQmFOQfvB6+C/wXTI=",
      "Microsoft.JSInterop.wasm": "sha256-cfPGjpEkdK37Tb2wyidoKNUsN3Og6k2NPfBW2z4kbB0=",
      "Microsoft.VisualBasic.Core.wasm": "sha256-Yv61Vg2fp259Sl7q7/ZoApA457dyMRy3vmQZnQj570k=",
      "Microsoft.VisualBasic.wasm": "sha256-1kzZ4H3eqHUppkiE6Wofjyjr7feGaqu+P5WKp1C+LJY=",
      "Microsoft.Win32.Primitives.wasm": "sha256-U3+XTS1r3zpx00D3E33ZRYRptknN0oN3KcYe5hvQWOM=",
      "Microsoft.Win32.Registry.wasm": "sha256-Trz1tXQPnOxnPQwI9HJVcrY8bAnOKnIN0dS+KGkUnqU=",
      "Newtonsoft.Json.wasm": "sha256-PaicHOw1U7HF05kEvZI0Rgg1nwdA8hrzbzdkw1qgUuU=",
      "System.AppContext.wasm": "sha256-V8UvVeQixXoJi3NdML4uCZ6SU+xYPRk3/AJBMJkgJl0=",
      "System.Buffers.wasm": "sha256-T6gscGFrnXSATLxtfNnWHHbEUTC1oXAbO7n+po6uJVo=",
      "System.Collections.Concurrent.wasm": "sha256-afJYx7cpXCHiOZ8lUCzqG01HfZMm7xvPUxCjaqyXHcc=",
      "System.Collections.Immutable.wasm": "sha256-mhDLnjOgz7KEFTMRyoGXQsWIwWL10rbm+kQwJxqkaYY=",
      "System.Collections.NonGeneric.wasm": "sha256-tK5XP+4/SpiR9gEdVQtPOjkfNa02g3ZGJ5xaFjdbmgw=",
      "System.Collections.Specialized.wasm": "sha256-eOpHt7Vp6dUOYagLpvrw5OC0SQQONoFoNWsliU+4KMw=",
      "System.Collections.wasm": "sha256-scIx91jptcvVhjpOwngS7bNS2oqTNfvBPvs4jpikWsA=",
      "System.CommandLine.wasm": "sha256-Cl4q+fufCTZPDEG2Bq9dIi/4JzwJ+ohDCvmh+z4AfEw=",
      "System.ComponentModel.Annotations.wasm": "sha256-5OnhmfFW9+EBqslrnQECQZQ6lSyWfIIJwpdqXqk0P7s=",
      "System.ComponentModel.DataAnnotations.wasm": "sha256-dJVg4oDuB9pOIFsuLtCAiUsV/VXzWd+3WfChYIgPDYs=",
      "System.ComponentModel.EventBasedAsync.wasm": "sha256-lgm36N9mAy92A0ukuAUUtlL/UkIZPN4RIRTkPpOYF54=",
      "System.ComponentModel.Primitives.wasm": "sha256-+lPeUGD/m4XRfzkGuf3yHWo51VrnKCq32KajsxgTgsI=",
      "System.ComponentModel.TypeConverter.wasm": "sha256-HfhR3egv0Bw6SsfqRA0eFx7xmvwmNbRbu9veEieMzJA=",
      "System.ComponentModel.wasm": "sha256-UTgkv6djsJV9OXYOo9Wta+Xi4GAdf4SmV43/nAiZ/LM=",
      "System.Configuration.wasm": "sha256-OIWfUr7eqTW2+zoTlncL0T4InyXs+GJgiIho7ANVxTY=",
      "System.Console.wasm": "sha256-vTXQdgQveTGLPymfP2dMIlFEO/54ay2JkYJB0x6cNr0=",
      "System.Core.wasm": "sha256-8ND7QphMX14YC9XE14MTyr/sjgwZxrMtN/uKaDU30fA=",
      "System.Data.Common.wasm": "sha256-fH9eBrCny+NbF2mvyYfwD29WNEoSRKAGEN1GL0W03Yk=",
      "System.Data.DataSetExtensions.wasm": "sha256-FAO/jmPCisxC0tX/1zw+hJg132J3wSDK6RCThWfnR0c=",
      "System.Data.wasm": "sha256-FRyKbStNq+kTI4NNwyhQruWzQCdBsGDJPhZ2gtRrOfo=",
      "System.Diagnostics.Contracts.wasm": "sha256-a7s3LobP0nXCYVW/8ol1ntorst/FGEuQg1+aGlE1BQw=",
      "System.Diagnostics.Debug.wasm": "sha256-+PkohT5J5U8UrpFdUCU5rW1ZnFPfXH+kpAanB8tjQx8=",
      "System.Diagnostics.DiagnosticSource.wasm": "sha256-WXkkJaKKiWtFFY7f9FNARK9VG1pn/k8/2D80J4JWZcY=",
      "System.Diagnostics.FileVersionInfo.wasm": "sha256-Dt8PPdaOOfPqTduLy5Lts32QEnB4NexLJ+dgoaVgUw8=",
      "System.Diagnostics.Process.wasm": "sha256-8hOwo2xQ9h57RE7E8LRVZ0psMpBmOHgkfXPc7No7W40=",
      "System.Diagnostics.StackTrace.wasm": "sha256-Q0zCmqPrf5sTd1yF9sBPftVeObPYAciYmFBXwRWx9uI=",
      "System.Diagnostics.TextWriterTraceListener.wasm": "sha256-viv5pr/UYpuNho1dGYIJbykL5shdcUvS5oCyTnzrWYc=",
      "System.Diagnostics.Tools.wasm": "sha256-z7crL10//axYve9Cmzovu4IWB+iQ9KnMz64YX62XGDg=",
      "System.Diagnostics.TraceSource.wasm": "sha256-a92vC4Ars53hjhathMxDrj3ewcGUCF5o8uKzncf2WdI=",
      "System.Diagnostics.Tracing.wasm": "sha256-sPCfQZ27VoHsElA1hPQv5cH9rwGauZcPjc/ZsCp25rc=",
      "System.Drawing.Primitives.wasm": "sha256-ow3q04aIyY3eoOeK+VEA6Y64sQinXDlR57ptLrxZENA=",
      "System.Drawing.wasm": "sha256-fzLtI7zWurIKD6dhs3hr8JhvdmQ3yg1YYsaVyFZqMnc=",
      "System.Dynamic.Runtime.wasm": "sha256-O3mta/C2buTwlYr4n+uU5WgqRzFDN3Qy5LN9LOAzebc=",
      "System.Formats.Asn1.wasm": "sha256-KAI+R9fNNRIopgPjPCKvA1v0v5yP3s2CwI2KFj/JtSM=",
      "System.Formats.Tar.wasm": "sha256-xq+NwQm94+LJr9GrZQqa4eEXCgdc7aFzJjxVba7+YrU=",
      "System.Globalization.Calendars.wasm": "sha256-Zl7wwP7D+UQhK1DSSAxUywbTz4dIm3/gne+9ZOoZD3o=",
      "System.Globalization.Extensions.wasm": "sha256-KmdPD7TUN7SN0z5xY7HqAMUIi8ABvI3qTFBdy1ZPkZc=",
      "System.Globalization.wasm": "sha256-sgAfVEuKeSPNmQP31ClLUKypQg/HaVnyAF0eMpFjcV4=",
      "System.IO.Compression.Brotli.wasm": "sha256-8MW/cACkle21CcYr/CCfr8+fOWLdVtXuNPu/cGE6wUI=",
      "System.IO.Compression.FileSystem.wasm": "sha256-NtMWqcfJv40BxbBKCl93xjzkh4ZCYjFsuen+7U/og4U=",
      "System.IO.Compression.ZipFile.wasm": "sha256-+RQuhh8MqAbFgLC1+6JH5TCuCAucDdiM1uLrsYRl5J4=",
      "System.IO.Compression.wasm": "sha256-2zjt6sbvxH/FzsjKYxdi86EBHtbWAPeI8M6Vx+zXclw=",
      "System.IO.FileSystem.AccessControl.wasm": "sha256-/QKknaV2rFdlyjMGUuLnMINe0R6gUNVhHO1AspVJD4Q=",
      "System.IO.FileSystem.DriveInfo.wasm": "sha256-RXP7oKx8GloHoH+/swy1eavGf0BFZ2TSUUvE8t1lFbE=",
      "System.IO.FileSystem.Primitives.wasm": "sha256-G+Qy8fsyc7qpoGUsvNUJoM59zq4uG29Mk88lYQdjbzU=",
      "System.IO.FileSystem.Watcher.wasm": "sha256-7ltWOZhki3IJw4c88UT0epN1wUFrx+2HhuEG202MMAQ=",
      "System.IO.FileSystem.wasm": "sha256-tr68Uhtdrqck18C3TSwvDnqZ5wLdIH5nNYOxqw9ZTBc=",
      "System.IO.IsolatedStorage.wasm": "sha256-clxu1GfPVuWA+rPT12Gyh9AcWM27dJ8aPwvjh7qNk3Y=",
      "System.IO.MemoryMappedFiles.wasm": "sha256-f7vzsoV128FQ/qpwZh4udS0omJWpQQh8pIdG+bQ8bH0=",
      "System.IO.Pipelines.wasm": "sha256-JqVBy6SV+3qk+IK3VJiyIDt9CsVk6b1/ytTXmrI4mTM=",
      "System.IO.Pipes.AccessControl.wasm": "sha256-z0+0kDtFQYOg/bXicW9Vv/8TU9A9xY0Ft0VkUk9nBGw=",
      "System.IO.Pipes.wasm": "sha256-85ex98TmjcFwLnaaxFUnf7RqdTAc73X1GBIS+aGNc+Y=",
      "System.IO.UnmanagedMemoryStream.wasm": "sha256-LG0doT+QeUY86L5JiwTYNmQm6HTLjdU0ouTciYm2E1A=",
      "System.IO.wasm": "sha256-1BXikNtwRLn4O7wBZZRw3/byNlptzLlWNGckiBPz7ow=",
      "System.IdentityModel.Tokens.Jwt.wasm": "sha256-8TeBE4L73467a+kpAbb1Lo/yuOG2jLb1TfsmUDU5RPs=",
      "System.Linq.Expressions.wasm": "sha256-DSkxLolcvN3C/LR2IXr49NgQivUHaCpk85EJrd8HITs=",
      "System.Linq.Parallel.wasm": "sha256-9BcyE7HSZsP2pcT/VmPY2sIEdLTGsAFjOj0j8R/5Rys=",
      "System.Linq.Queryable.wasm": "sha256-9zOgFFEZMvRagJFtIRBxGctUqJjAvEsBIy0E76WS2wM=",
      "System.Linq.wasm": "sha256-PdegofOjhaue1bYKZAIPDDW57DpW1fiVmnN9jgktpsE=",
      "System.Memory.wasm": "sha256-VdRJxV4Jp1b4/sZlr1mSQ0fC/8iRyLq71htFjm/HLac=",
      "System.Net.Http.Json.wasm": "sha256-J/mw3tbQ+vJjJlq8mu0A9fyltLYIBhO5qCbkfE6O0T8=",
      "System.Net.Http.wasm": "sha256-9zL2rJMd2+TTgXv6KYkqezU+0YRSLZC9ZBiBBfS+SIQ=",
      "System.Net.HttpListener.wasm": "sha256-Unifm4uABGW1EVmTwSKQ/qyx/ypwg2myatwinjIZ4x4=",
      "System.Net.Mail.wasm": "sha256-dmN1Dyu8ugc93sI+OGNVKQ9u5c5+bL6GoNabSLNbGZo=",
      "System.Net.NameResolution.wasm": "sha256-chSBnvlTRxRvLaaY+TFRUeSPkz9Bt4X6Yp/vPmFN80o=",
      "System.Net.NetworkInformation.wasm": "sha256-JWXxUnDCEmbII4aRbuqLFsHzpkR3nlu+5DFuJSchMbQ=",
      "System.Net.Ping.wasm": "sha256-Wk/BQoyWhFhbmKVFIUzzQARIYN0bhwQ3Za+5Hb0Nlc8=",
      "System.Net.Primitives.wasm": "sha256-93BJx4luCNyENApd+etkSBdiQkyXSXJpJmxCRdLOKdw=",
      "System.Net.Quic.wasm": "sha256-vesd71FvS5Huayqd+FbPXpRxm//d5RwXDGNRccwm59s=",
      "System.Net.Requests.wasm": "sha256-bxv2PDs3SrTcSG3TZbRDa37WbGZ+gasblOi3H7nsaSw=",
      "System.Net.Security.wasm": "sha256-kRsp59bmBwAYr6Mk3z/Mf50s67L5//3t7/XQ+PIPi9w=",
      "System.Net.ServicePoint.wasm": "sha256-9vRwZCJWWvxGERkKofhJosUtkOFcGgXPTxQlQ7ILd1E=",
      "System.Net.Sockets.wasm": "sha256-fWyYpu8Yp/l2ngCvBg93B9Z6MWJLgBNKuYPmVwn1T0A=",
      "System.Net.WebClient.wasm": "sha256-v8+iTNZQ81eXObPiH3eEnNygXUKMbfSzfHO0OaI6I6U=",
      "System.Net.WebHeaderCollection.wasm": "sha256-JQmJqCewWtzqhS9JYGYLEDAHH0FtLAdmAKwyV6WEqUo=",
      "System.Net.WebProxy.wasm": "sha256-dBd4IM+lPQN9yAxoXtccpmZn6YYtzhG5ujpF6BOtcpM=",
      "System.Net.WebSockets.Client.wasm": "sha256-k0Vu8tO14WS5dU9UMSmWARbshAB1JC/tEO1CjinpORw=",
      "System.Net.WebSockets.wasm": "sha256-wMjA4euFDPfc+Hfk5pDZgn1GwBqjH2aFud1dMSljadg=",
      "System.Net.wasm": "sha256-ix626PuZL9RbWEQGIXLjMTHDJ4eHkoxYp5AlogLT3BQ=",
      "System.Numerics.Vectors.wasm": "sha256-7sWwB5NrfU7uf7pR3gYZvuTUqfu6sjHIidNxlnNsfBg=",
      "System.Numerics.wasm": "sha256-kbnREB0rCKfgsmBujjgIRHzrJ8HpvuiZjPl17oWylek=",
      "System.ObjectModel.wasm": "sha256-O6CPNRwJwQG9lWxd4vqGhUs0Xo57Uk4msgoNijzF1DE=",
      "System.Private.CoreLib.wasm": "sha256-tuhzUgbFn7ji3yhMSxyBLHAps9h0RsFnq+8pUoizHiw=",
      "System.Private.DataContractSerialization.wasm": "sha256-dWxbkvgDS6DF8vWE7xCtTvHBybjsFzgYq2WwjEwFY2I=",
      "System.Private.Uri.wasm": "sha256-uiV8I8H1LGhDI6hPcaT70g1lEALS5CRWP10UuZGh1vw=",
      "System.Private.Xml.Linq.wasm": "sha256-pgrRRMYvl1LGRLjO4vA/rnIlV5hmQ+4UZKgiwDECdrg=",
      "System.Private.Xml.wasm": "sha256-YfKWFROuT6GoKOViSWLRAQw6Ij+tmF9WZ2oeN14QlGE=",
      "System.Reflection.DispatchProxy.wasm": "sha256-TXsTjfF5eKwVanSNilBPN970fJbfSvXy/Z+4T30h5wY=",
      "System.Reflection.Emit.ILGeneration.wasm": "sha256-HjM19qRNSpggQJ0x7T/sIuku/SRnYGjbhA0HyEA5qnY=",
      "System.Reflection.Emit.Lightweight.wasm": "sha256-xWcxogD0RGzyZTLGvvqCS6zN8H91g/jx3mhGWkKSpGQ=",
      "System.Reflection.Emit.wasm": "sha256-PkTqeol0CqweeTU9g9j/m7iYbeMtAkZWhVecXwjRysU=",
      "System.Reflection.Extensions.wasm": "sha256-kNBES3B66TFYkM03uc4meb9t6OKatQgcWEdVNtrGWzI=",
      "System.Reflection.Metadata.wasm": "sha256-6a5oPQx41FzTX0vZV823E+yyRezcBOIQPqZSy4tORwg=",
      "System.Reflection.Primitives.wasm": "sha256-LPhkxgfViETYwWVIfyR4bUHJjgUMfmgLVsPZ0n8O9Ek=",
      "System.Reflection.TypeExtensions.wasm": "sha256-0nGGhN3GWtt6hkU2HiTNo93n2P8M0nZKEY13RB/t9bs=",
      "System.Reflection.wasm": "sha256-kAOUujbySiY97g4O175KQiFXZzkpqm1WcFiJVpQaUSc=",
      "System.Resources.Reader.wasm": "sha256-uZCox2R2B/vCv6vS9LjGElqrZcBvUrVDYQW5rz2po00=",
      "System.Resources.ResourceManager.wasm": "sha256-xmF5cM1dNlwffUOcVeuXMOazhlKCS+9Yb7GY3u8eyFc=",
      "System.Resources.Writer.wasm": "sha256-cWAQxOVoWAZCsVmDOFl5XbpzGS88FfM9F/D5Cv87gZM=",
      "System.Runtime.CompilerServices.Unsafe.wasm": "sha256-Ii9KqNK2fvNR3wS0QmfXTs3X17sBQbOqqjQn9XISLCE=",
      "System.Runtime.CompilerServices.VisualC.wasm": "sha256-5mbk1Icc3zAc3/7y/tAujYYOFGOP4ZNUodcD0sa0eFA=",
      "System.Runtime.Extensions.wasm": "sha256-ovUv1RD/WLiS0HTEpT0uaYLxoTtMdxOHIUrBIxl/HXg=",
      "System.Runtime.Handles.wasm": "sha256-xYLMOWWDK1XdEBtdfNvV9irgpSyU88jIqT8ONcLtigg=",
      "System.Runtime.InteropServices.JavaScript.wasm": "sha256-HnIrz0DgIhYzZVPdF9NW8+BTmRm4JExxdR6DsbZIXcY=",
      "System.Runtime.InteropServices.RuntimeInformation.wasm": "sha256-DFc2LY6l0bTr70cyt1SAkKH6F2Q5oXy6r24mLo/C3fQ=",
      "System.Runtime.InteropServices.wasm": "sha256-qer6OHd06U6W3JCIrOjkWBBYJn1kT2y7IgnjhnP0urk=",
      "System.Runtime.Intrinsics.wasm": "sha256-yy6DO6iySSEZU3qaqP/FkXV2cpysldBsWNBuVrbx7+A=",
      "System.Runtime.Loader.wasm": "sha256-2I2hiqJf+zyO7zRbyNvbQEY3qrqnv4eDHw4g+Y4SrBY=",
      "System.Runtime.Numerics.wasm": "sha256-b7sy6refMsrvFy01fi4ybjJ+qWRn5b95MNDrrtgaBqo=",
      "System.Runtime.Serialization.Formatters.wasm": "sha256-dFR/T2+2PccPoeV/CuKrGmfwgeP89QBXBr+/1FmIkqs=",
      "System.Runtime.Serialization.Json.wasm": "sha256-APJQC+pfoEhz+TsQpoc5j7m+6nMcooK6nqj66SMlf8U=",
      "System.Runtime.Serialization.Primitives.wasm": "sha256-qAbSwfrKn3qV34LchmAAokIhkJGLszwdpUR1juXxjSI=",
      "System.Runtime.Serialization.Xml.wasm": "sha256-cMj37ACvounWyl4IgoJOSnk8tl9dEp1UtgPvRKQv/xY=",
      "System.Runtime.Serialization.wasm": "sha256-Z82pxidiZVj3uv+s9Z8LrIP16OKBMPVg3njeEMG7rWs=",
      "System.Runtime.wasm": "sha256-3gUteyg3I8+mPU8/ZIcCLWS6+aBAIhpq6e6AAsVVVrM=",
      "System.Security.AccessControl.wasm": "sha256-+50urdSyBJTCu4mTdkfPIKpCgogzvx5UavFPAcOqB/M=",
      "System.Security.Claims.wasm": "sha256-upiirIZDWdEKuPR1Mn98wIL9qsRNbPqnbg0MAvcB58Q=",
      "System.Security.Cryptography.Algorithms.wasm": "sha256-1FGeTSsBwVqyaaE3scARxjemAVPAQE6/QfNiGDTD9DY=",
      "System.Security.Cryptography.Cng.wasm": "sha256-2UyybYOCSJa32FO3dPmEIblWCBrPgUVscFql0RYsi4g=",
      "System.Security.Cryptography.Csp.wasm": "sha256-vv8tQgN2RAtzQA9lxA3lYoulSU9urhCBsAcyGrWzTb8=",
      "System.Security.Cryptography.Encoding.wasm": "sha256-wtWEgLAD9apn0SCRS5OaAuD1mWLwcXl1twIT+9KPWOg=",
      "System.Security.Cryptography.OpenSsl.wasm": "sha256-CWMVkFCMkSfAElSbPj6kwYYx712LoctchRudtj4nU6c=",
      "System.Security.Cryptography.Primitives.wasm": "sha256-zXZy8X7+UZcoP2feJduXWpAajpiyt/6dUaI7JDLPJg0=",
      "System.Security.Cryptography.X509Certificates.wasm": "sha256-+QCxiFyawjVz4IoooNA8hKLnX9bQdKVz+SzHmJIAQXI=",
      "System.Security.Cryptography.wasm": "sha256-65pT/0+PqOMjuKBUrKZBEkhjYzE0p2uvcoBl09lMBl4=",
      "System.Security.Principal.Windows.wasm": "sha256-2VkSCK2swVr0WPLtolYQBjB0dRvcgst/Aee9WUPblYA=",
      "System.Security.Principal.wasm": "sha256-7CewyZAysMLM73y/6nCECPF+JuFxixFPewmV3JzDPx0=",
      "System.Security.SecureString.wasm": "sha256-BrzlCdgFbU63g2Rd5nAeT1COMGPWc/TFREdmf/vakVY=",
      "System.Security.wasm": "sha256-QiUB5Q+SWespfhGwpzUnR0zfPXCZt6nHTlJD8HPTNoU=",
      "System.ServiceModel.Web.wasm": "sha256-kS1ZxRzzug80u0e1+xlj9HFMlvo61LfNj/ai7iToMmI=",
      "System.ServiceProcess.wasm": "sha256-OVhWq0eGohsiTdMWS6Ytqu7F5hYl9n2cfVUElD5LiNc=",
      "System.Text.Encoding.CodePages.wasm": "sha256-MZ1us87V56keqjfSLs7sJPVXG1ET18icriIXKxQJXBc=",
      "System.Text.Encoding.Extensions.wasm": "sha256-oU/4mT5HKts+mcB/d+J6hu09444Q1WE6jcw2qN+kYd8=",
      "System.Text.Encoding.wasm": "sha256-BDMDfCPbdrcqZDDbdjlBsQRSNBBPB4hYl0qVGHSCBjU=",
      "System.Text.Encodings.Web.wasm": "sha256-OSu0ePQ4xjPJVHPoWpIIyXfF3GtGvajStigJv7llM2U=",
      "System.Text.Json.wasm": "sha256-i2Mw42ysPSqkQ3IiZKR9iMD/hGC7NIoMzxEtV6b/b08=",
      "System.Text.RegularExpressions.wasm": "sha256-5aDQERFuKnCbu7byBkGbBUFhgI/h55HSqru647upxS0=",
      "System.Threading.Channels.wasm": "sha256-tXiTxNlcUuIaYQMsHM6o3hy7RUfdCyQtoxuw9A+7ZM0=",
      "System.Threading.Overlapped.wasm": "sha256-y5JpcEuPeLzrHxFxSAOorELDJSSFehdRskSHyxuUZiY=",
      "System.Threading.Tasks.Dataflow.wasm": "sha256-iSCPo+AoO4t1POrdfq3Im+XAIB8JwPQZtl2vxmTFAnU=",
      "System.Threading.Tasks.Extensions.wasm": "sha256-GaJdJ91MJVInHhH9f6lUu+yKbbGbwY9kBvtpk43f3MQ=",
      "System.Threading.Tasks.Parallel.wasm": "sha256-9jrXdOmM8uxq1Cfm6IbfF57u8WHyj0jmzCq7Bzz3Ing=",
      "System.Threading.Tasks.wasm": "sha256-Ka866VcpEK7MdfnGY33fmTe/v7pxldB7/Wf47EAgv1Y=",
      "System.Threading.Thread.wasm": "sha256-5M5UvfHpGpPSjfYHLS8lkG7GAJUq+9eka8ESbf8hhlM=",
      "System.Threading.ThreadPool.wasm": "sha256-vb3n1rKHtaLyPTWG8qQFACY4KDBOVKzIy3nOy9PF93w=",
      "System.Threading.Timer.wasm": "sha256-XnjEPKsUE4IoGX8jgRgFo7EKVCE+6eHnUn6irMcH7Qk=",
      "System.Threading.wasm": "sha256-akpkDfWXMaOQefcTbf+I2Tm2CbWiBXa0LdIN9gn6W7Y=",
      "System.Transactions.Local.wasm": "sha256-v9N6WehYyky4kK7T8ZsbP/1A9HmE734qBhF5+rurOvc=",
      "System.Transactions.wasm": "sha256-FeLH+HPHML5fCBydcxQS0CEem1eZs+nj7ra975LxX6U=",
      "System.ValueTuple.wasm": "sha256-Gdy6ST/E8be5DixbAWvV2gaVFVkPuLxznU9g/OAzvE0=",
      "System.Web.HttpUtility.wasm": "sha256-gzNYWgOxEupbWdk08LV7YdxO0qZwH6KQlUQuU5t+3No=",
      "System.Web.wasm": "sha256-/G/JqQD2i+DgwIQdGKiK82asmzlr0vQ8eOVf4CwBlRE=",
      "System.Windows.wasm": "sha256-4r0s2xlXKJZcVQppgeP6jNlT3zgque35jknOaJlVF2k=",
      "System.Xml.Linq.wasm": "sha256-6wxnrjP3pDQgyIVqmVyIxB6HFry/l5L0od959sv/VRQ=",
      "System.Xml.ReaderWriter.wasm": "sha256-WvSyAqo4xg3FuiAwD96prdXwVl6W92Z+NN8g3duo/Gk=",
      "System.Xml.Serialization.wasm": "sha256-OClWe2nu+ALoIKUMNIf2KP5ql0iEW8JoCYvQQkPPQUQ=",
      "System.Xml.XDocument.wasm": "sha256-4H09fL+rm6tdUVTfygCFDHIEOkVxw9f0WLataB79QBo=",
      "System.Xml.XPath.XDocument.wasm": "sha256-ZiJq9qbe2jBzf7yvshee2KIdc9ir310l7HRdv8C3Ea8=",
      "System.Xml.XPath.wasm": "sha256-yzT7zNPD7jb9juY2VysyPcBiWbPSCI3AX24L83dw/q0=",
      "System.Xml.XmlDocument.wasm": "sha256-I6yUECGF59RbHvRf7bW4Pl7EiL9p9iZV5fYK3V7SE3k=",
      "System.Xml.XmlSerializer.wasm": "sha256-jfx8OHmstsq2AEIqXt1vWTzp3ZRNwi+GTTmer50/RH0=",
      "System.Xml.wasm": "sha256-7jM+N+jWW84MjQM1GJLmJumZKPwmsjMiBrDvE1Y0opU=",
      "System.wasm": "sha256-y22SiqpCQpA54bikM7n1ry2rd/pVNrWbs5CiX72/cO4=",
      "WebCommander.wasm": "sha256-AAog0RsGBNEhe568HLtMVU6viU0YUnJWLQdDaf1iPSk=",
      "WindowsBase.wasm": "sha256-bvNJB/OANzBqJ6yh62aEOlUII2qH+3rdYiNLTLBkUYM=",
      "mscorlib.wasm": "sha256-oV7k+vcNqj7FS6Y/lMtdhVlq3myDH55/wVxmO4QPrw4=",
      "netstandard.wasm": "sha256-XMXMB0WW//vbNNgQiFAqYo7IJ2C4yQX590aoAbOtTB4="
    },
    "satelliteResources": {
      "cs": {
        "System.CommandLine.resources.wasm": "sha256-39BNoAU2rNNaOoh002B9NLhr/iBZCbDxMI0WsCcN08M="
      },
      "de": {
        "System.CommandLine.resources.wasm": "sha256-3QeRO3/d88DV5wY78/pxbVPVoFiOGHf2tUxQvR3ZAlM="
      },
      "es": {
        "System.CommandLine.resources.wasm": "sha256-pe2nE/VY2lv8dD+lOqm/evyAaF9NdtbnkkcfHmfWvZs="
      },
      "fr": {
        "System.CommandLine.resources.wasm": "sha256-7gF65LEJ+CpTHyFGukq/K1vyxh4cpfJ3iD9+lbREufY="
      },
      "it": {
        "System.CommandLine.resources.wasm": "sha256-pWMrtum705Jq8Bemc+TTsoCKoAsvYhGPHCwCpl3/Y44="
      },
      "ja": {
        "System.CommandLine.resources.wasm": "sha256-wB1OvHoP+YUCq82CbSWO9GatHdbPMFebhBz4llQPDAc="
      },
      "ko": {
        "System.CommandLine.resources.wasm": "sha256-TDUpL+RWfBWTpE/lLwuUCQDOvUn+wT5yQUv333o09jw="
      },
      "pl": {
        "System.CommandLine.resources.wasm": "sha256-5IMeOAUSBhowY05Nqh25BoJxzUmb25TtrAiE8lgf2J8="
      },
      "pt-BR": {
        "System.CommandLine.resources.wasm": "sha256-cNhBTFB6JobxN/5UTB+nMt1eEDqVcjLDCp8N1CIkf2o="
      },
      "ru": {
        "System.CommandLine.resources.wasm": "sha256-L2qngx5YtNDGwtkokxt+uXBarys09NpZ2vHcozb4FQ8="
      },
      "tr": {
        "System.CommandLine.resources.wasm": "sha256-gSCNFXOH71aGqqACPoLC+dhwysRaMmS/usiIfOroPpA="
      },
      "zh-Hans": {
        "System.CommandLine.resources.wasm": "sha256-4zTzYnp0HcxYv+DJzMHybbeiELMFcVhHPYQE0p5dZ7s="
      },
      "zh-Hant": {
        "System.CommandLine.resources.wasm": "sha256-YkZfgxpgml6fSWV2dAK2MOYIJ1foDqxqxoLVAVisxiM="
      }
    }
  },
  "cacheBootResources": true,
  "debugLevel": 0,
  "globalizationMode": "sharded",
  "extensions": {
    "blazor": {}
  }
}